[{"id":2,"name":"Apollofish_Games","wins":0,"losses":0,"notPlayed":0,"points":0},{"id":3,"name":"Fizikzbound","wins":0,"losses":0,"notPlayed":0,"points":0},{"id":4,"name":"Me5wife","wins":0,"losses":0,"notPlayed":0,"points":0},{"id":5,"name":"BWhizzle817","wins":0,"losses":0,"notPlayed":0,"points":0},{"id":6,"name":"Jammin247","wins":0,"losses":0,"notPlayed":0,"points":0},{"id":7,"name":"EeyoreDad","wins":0,"losses":0,"notPlayed":0,"points":0},{"id":8,"name":"FOOCHcade","wins":0,"losses":0,"notPlayed":0,"points":0},{"id":9,"name":"Xtremepot420","wins":0,"losses":0,"notPlayed":0,"points":0},{"id":10,"name":"aztek138","wins":0,"losses":0,"notPlayed":0,"points":0},{"id":11,"name":"Dab_a_dab0711","wins":0,"losses":0,"notPlayed":0,"points":0},{"id":12,"name":"MoMoneyGaming","wins":0,"losses":0,"notPlayed":0,"points":0},{"id":13,"name":"Crownjo","wins":0,"losses":0,"notPlayed":0,"points":0},{"id":14,"name":"HighscoreWins","wins":0,"losses":0,"notPlayed":0,"points":0}]