[
  {
    "week": 1,
    "player1": "p3",
    "player2": "p1",
    "status": "scheduled",
    "played": false,
    "id": 1
  },
  {
    "week": 1,
    "player1": "p2",
    "player2": "Bye",
    "status": "scheduled",
    "played": false,
    "id": 2
  },
  {
    "week": 2,
    "player1": "p3",
    "player2": "p2",
    "status": "scheduled",
    "played": false,
    "id": 3
  },
  {
    "week": 3,
    "player1": "p3",
    "player2": "p1",
    "status": "scheduled",
    "played": false,
    "id": 4
  },
  {
    "week": 3,
    "player1": "p2",
    "player2": "TBD",
    "status": "scheduled",
    "played": false,
    "id": 5
  },
  {
    "week": 2,
    "player1": "p1",
    "player2": "Bye",
    "status": "scheduled",
    "played": false,
    "id": 6
  },
  {
    "week": 4,
    "player1": "p2",
    "player2": "p1",
    "status": "scheduled",
    "played": false,
    "id": 7
  },
  {
    "week": 4,
    "player1": "p3",
    "player2": "TBD",
    "status": "scheduled",
    "played": false,
    "id": 8
  },
  {
    "week": 5,
    "player1": "p2",
    "player2": "p1",
    "status": "scheduled",
    "played": false,
    "id": 9
  }
]