[
  {
    "id": 1,
    "name": "HighScoreWins",
    "wins": 1,
    "losses": 1,
    "notPlayed": 0,
    "points": 3
  },
  {
    "id": 2,
    "name": "UberOfficer",
    "wins": 0,
    "losses": 2,
    "notPlayed": 0,
    "points": 2
  },
  {
    "id": 3,
    "name": "EeyoreDad",
    "wins": 2,
    "losses": 0,
    "notPlayed": 0,
    "points": 4
  },
  {
    "id": 4,
    "name": "FOOCHcade",
    "wins": 0,
    "losses": 2,
    "notPlayed": 0,
    "points": 2
  },
  {
    "id": 5,
    "name": "Dab_a_dab0711",
    "wins": 0,
    "losses": 2,
    "notPlayed": 0,
    "points": 2
  },
  {
    "id": 6,
    "name": "Crownjo",
    "wins": 2,
    "losses": 0,
    "notPlayed": 0,
    "points": 4
  },
  {
    "id": 7,
    "name": "Fizikzbound",
    "wins": 2,
    "losses": 0,
    "notPlayed": 0,
    "points": 4
  },
  {
    "id": 8,
    "name": "aztek138",
    "wins": 2,
    "losses": 0,
    "notPlayed": 0,
    "points": 4
  },
  {
    "id": 9,
    "name": "Jammin247",
    "wins": 0,
    "losses": 2,
    "notPlayed": 0,
    "points": 2
  },
  {
    "id": 10,
    "name": "MoMoneyGaming",
    "wins": 0,
    "losses": 1,
    "notPlayed": 1,
    "points": 1
  },
  {
    "id": 11,
    "name": "Xtremepot420",
    "wins": 2,
    "losses": 0,
    "notPlayed": 0,
    "points": 4
  },
  {
    "id": 12,
    "name": "BWhizzle817",
    "wins": 1,
    "losses": 0,
    "notPlayed": 1,
    "points": 2
  }
]